{
    "name": "JamGameJam",
    "version": "3.0.0",
    "description": "",
    "dependencies": {
        "device": "*",
        "arcade-story": "github:microsoft/arcade-storytelling#v1.0.3",
        "browser-events": "*",
        "Timers": "github:microsoft/arcade-timers#v1.1.0",
        "pxt-status-bar": "github:jwunderl/pxt-status-bar#v0.4.2",
        "arcade-minimap": "github:microsoft/arcade-minimap#v0.6.1",
        "arcade-character-animations": "github:microsoft/arcade-character-animations#v0.0.2",
        "tilemaps": "github:microsoft/pxt-tilemaps#v1.12.0",
        "settings-blocks": "github:microsoft/pxt-settings-blocks#v1.0.0"
    },
    "files": [
        "main.blocks",
        "main.ts",
        "README.md",
        "assets.json",
        "tilemap.g.jres",
        "tilemap.g.ts",
        "images.g.jres",
        "images.g.ts"
    ],
    "testFiles": [
        "test.ts"
    ],
    "targetVersions": {
        "target": "2.0.56",
        "targetId": "arcade"
    },
    "supportedTargets": [
        "arcade"
    ],
    "preferredEditor": "blocksprj"
}
